sample_id,TransPHLA_ap,TransPHLA_auc,TransPHLA_ppv,ResMAHpan_BA_ap,ResMAHpan_BA_auc,ResMAHpan_BA_ppv,ResMAHpan_AP_ap,ResMAHpan_AP_auc,ResMAHpan_AP_ppv,ResMAHpan_PS_ap,ResMAHpan_PS_auc,ResMAHpan_PS_ppv,NetMHCpan_EL_ap,NetMHCpan_EL_auc,NetMHCpan_EL_ppv,NetMHCpan_BA_ap,NetMHCpan_BA_auc,NetMHCpan_BA_ppv,MHCflurry_BA_ap,MHCflurry_BA_auc,MHCflurry_BA_ppv,MHCflurry_AP_ap,MHCflurry_AP_auc,MHCflurry_AP_ppv,MHCflurry_PS_ap,MHCflurry_PS_auc,MHCflurry_PS_ppv
CPH-09-TISSUE,0.051675173,0.83159957,0.063465114,0.430811684,0.913498777,0.450638792,0.303934217,0.900063912,0.274314214,0.41095422,0.916731032,0.441595442,0.184247351,0.825168336,0.096485703,0.124591354,0.765092508,0.043279022,0.166127091,0.851922602,0.076082638,0.193782434,0.830219974,0.134351949,0.277891153,0.877489748,0.178654834
CPH-07-TISSUE,0.06775067,0.825869897,0.046858687,0.472537566,0.917201647,0.543504172,0.361877057,0.919170949,0.344579227,0.4755467,0.93018035,0.533411489,0.31143452,0.856774478,0.208333333,0.202062048,0.80311974,0.104983849,0.223447225,0.886190325,0.182547643,0.20977713,0.851691695,0.158371041,0.362890635,0.903722202,0.337546468
CPH-08-TISSUE,0.043054703,0.81747064,0.097099237,0.53916219,0.936103287,0.643009833,0.373937581,0.937720016,0.384026537,0.521248616,0.948113903,0.601840736,0.307925361,0.895956509,0.258463654,0.186107647,0.868238081,0.135227477,0.348314102,0.909283698,0.258864028,0.260378873,0.883594527,0.216996104,0.42532643,0.922574818,0.380759494
10-002-S1-TISSUE,0.050956012,0.832196921,0.05986014,0.499977526,0.955431436,0.552429668,0.345127994,0.95604801,0.37244898,0.49930735,0.965582989,0.546835443,0.165509989,0.898986718,0.109172483,0.065797487,0.809524746,0.039010294,0.136231689,0.89404812,0.091062395,0.299619326,0.909537557,0.259259259,0.304801736,0.928631332,0.231096912
LEIDEN-005-TISSUE,0.076373719,0.8741426,0.095695172,0.506562978,0.927980923,0.572616408,0.367935917,0.934053411,0.373868983,0.499566112,0.946030293,0.573888889,0.328462699,0.884412328,0.251705653,0.19937988,0.853091021,0.136459709,0.241342709,0.905537552,0.269783233,0.223160517,0.879596828,0.181164504,0.41957835,0.915037238,0.427743271
11-002-S1-TISSUE,0.085808684,0.888879312,0.105464209,0.566492792,0.955170777,0.651515152,0.33054887,0.940171536,0.334512023,0.510005242,0.954225172,0.573333333,0.377837393,0.926008991,0.352721849,0.236774835,0.90887804,0.206896552,0.39477072,0.927967163,0.396479464,0.310557052,0.902998142,0.27183908,0.525049574,0.936910697,0.565789474
LEIDEN-004-TISSUE,0.04670947,0.76390258,0.052667579,0.438467523,0.906729255,0.436290861,0.301604109,0.898338158,0.287220026,0.42585125,0.912732778,0.412358134,0.20069599,0.817972095,0.090972319,0.116111035,0.770732082,0.047947214,0.156869593,0.848480054,0.089271089,0.17807734,0.823541447,0.111699402,0.279191891,0.863614944,0.169649805
BCN-018-TISSUE,0.031474931,0.721864474,0.030180578,0.285807666,0.873947418,0.25785124,0.194499858,0.863485049,0.130653266,0.278486953,0.880100505,0.23042836,0.195249713,0.766325822,0.053553038,0.120114137,0.710964748,0.027506759,0.13451101,0.815996587,0.053516295,0.187628785,0.79088314,0.094967532,0.276545941,0.834519602,0.112934363
637_13-TISSUE,0.033155252,0.758656098,0.033666996,0.216904468,0.846392506,0.193804736,0.321445871,0.906949488,0.297952048,0.298296992,0.913172767,0.308458983,0.04090561,0.779655817,0.042758917,0.024873427,0.699748382,0.024599869,0.059872962,0.823135548,0.046946535,0.244663405,0.841608124,0.199866198,0.188104031,0.852019796,0.09245648
29_14-TISSUE,0.047571914,0.841976324,0.056686537,0.451766491,0.949790918,0.468360277,0.416987309,0.956170084,0.423994975,0.507421989,0.962580516,0.524870466,0.05632943,0.866784388,0.069496349,0.029643542,0.791334589,0.033556604,0.046130702,0.859470377,0.052585519,0.315385554,0.920505931,0.29323741,0.146626006,0.912044513,0.118647018